Artikkelnummer;Artikkelnavn;Antalldpakk
11924;Braincooler Saftposer 24 stk.;0
12007;Dream Mango og Pasjon 16 stk;0
12094;Dumle Snacks 24 stk.;0
12038;Fruitero 80% Jordbær & Bringebær ;0
11137;Gullpinne 20 stk.;0
12133;Hockey Pulver 20 stk NYHET;0
12036;KjempeYes 24 stk.;0
00500;Krone-Is Jordbær 18 stk.;0
00501;Krone-Is Sjokolade 18 stk.;0
12064;Kræsj Green 30 STK;0
07517;Lion King size 8 stk.;0
11918;Litago Beger 12 stk;0
12132;Litago Bursdagskake 12 stk NYHET;0
11118;Pin-Up 30 stk.;0
11541;Pære Is 20 stk.;0
12041;Royal Hvit sjokolade og jordbær NY PÅ BIL;0
11940;Royal Lakris 16 stk.;0
11935;Royal Mandel 16 stk.;0
11936;Royal Mørk 16 stk.;0
12016;Royal Pean Vegan 20 stk;0
11939;Royal Pistasj 16 stk.;0
11934;Royal Trippel  16 stk.;0
12067;Royal trippel frappe 16 stk. ;0
12066;Royal Trippel Lakris 16 stk;0
11888;Royal Trippel Magi 16 stk.;0
12015;Royal Trippel Sjokolade 16 stk.;0
00400;Sandwich 35 stk.;0
12065;Sitting Original 20 stk.;0
12020;Snickers Icecream Pinne NY PÅ BIL;0
11271;Sol-Is 20 stk.;0
12125;SPLITT 20 stk NYHET;0
12054;Fri Cone 4 stk. x 8;0
12116;Diplom-Is 0% sukker MP 8 stk NYHET;0
11665;Fruitero 10 stk. x 5;0
12040;Fruitero Mini 80% Mango 6stk. x 5;0
12122;Gullpinne 8 stk x 6 NYHET;0
00869;Krone-Is Jordbær 6 stk. x 5;0
00867;Krone-Is Sjokolade 6 stk. x 5;0
12108;Lollipop  12 stk x 6 NYHET;0
00879;Lollipop 10 stk. x 5;0
12115;Lollipop Fruktlolli 8 stk NYHET;0
12083;Lollipop Pæresplitt 10stk. x 5;0
11911;Lollipop Zombis 15 stk. x 3  ;0
12142;Marianne Fazer 15 Stk NYHET;0
12061;Mars 6stk. x 12;0
00875;Pin-Up 10 stk. x 5;0
12106;Pinup 12 stk x 6 NYHET;0
12093;Pirulo Frutti 5stk. x 6;0
12092;Pirulo Watermelon 4 stk NYHET;0
11483;Sandwich 6 stk. x 6;0
11800;Smarties Pop Up 4 stk x 6;0
12060;Snickers 6 stk. x 12;0
12145;Snickers Bar 12stk NYHET;0
12087;Snickers White 6 stk x 12;0
11803;Sombrero 6 stk. x 12;0
00873;Tip Top Båtis 6 stk. x 4;0
12144;Tutti Frutti Fazer NYHET;0
11705;Twix 6 stk. x 12;0
12086;Tyrkisk pepper 8 stk. x 5;0
00841;Vaniljestang 10 stk. x 5;0
11884;Royal Creme Brulee 8 stk x 0,9l;0
11882;Royal Pistasj 8 stk x 0,9l;0
11881;Royal Sjokolade 8 stk x 0,9l;0
11885;Royal Skogsbær og sjokolade 8 stk x 0,9l;0
11923;Royal Trippel karamell 8 stk x 0,9l;0
11883;Royal Vanilje 8 stk x 0,9l;0
12011;Royal Lakris 8 stk. x 0,5l;0
12079;Royal trippel Magi 6 stk  x 0,5l;0
11926;Diplom-is fløteis Krokan 2 L x 6 ;0
12018;Diplom-is Vanilje LETT 6 stk. x 1,2l;0
11997;LaktoseFRI vanilje 6 stk. x 1,2l;0
11816;Dream Brownie Blast 6 stk x 0,8l;0
11948;Dream Frappe Delight 6 stk x 0,8l;0
12044;Dream Lemon Heaven 6 stk x 0,8l ;0
11809;Lykken Hestesko 1,5 ltr. X 3;0
11945;Lykken Sjokolade;0
06908;Salt karamellsaus x 12 stk;0
06906;Sjokoladesaus x 12 stk ;0
06925;Lyssjokoladesaus Stivner x 12 stk;0